,MEAN,STDDEV,TotalIntervals,PctInterval,85th_Speed,5th_Speed,60th_Speed,TTI_85,PTI_85,BTI,Timeframe
0,32.39998442102906,6.712498053736247,70608.0,0.6964962121212122,38.8,22.0,33.6,1.1975314400094907,1.7636363636363634,0.47272656459223006,All
0,31.687894347844637,6.610254685797513,51414.0,0.711238379814077,37.9,21.6,32.9,1.1960403422191384,1.7546296296296295,0.4670321457335478,Wkd
0,34.30742419506127,6.611505029285352,19194.0,0.6598597359735974,40.4,24.0,35.6,1.1775876781159158,1.6833333333333333,0.42947600812755304,Wend
0,27.99224894998083,7.5986294686318105,7857.0,0.873,36.2,18.9,28.0,1.2932151348284144,1.9153439153439156,0.4810713730148588,WkdAM
0,32.372714103603776,5.194406735688896,17258.0,0.9549579459938026,37.2,24.2,33.5,1.1491158844744145,1.5371900826446283,0.3377154588266025,WkdMD
0,29.498784620778103,5.587503247298893,8557.0,0.9469898185037627,34.6,21.3,30.3,1.1729296798088673,1.624413145539906,0.3849194657642301,WkdPM
