,MEAN,STDDEV,TotalIntervals,PctInterval,85th_Speed,5th_Speed,60th_Speed,TTI_85,PTI_85,BTI,Timeframe
0,37.067377608786884,7.198931582780974,72064.0,0.7108585858585859,43.9,24.3,39.6,1.1843298024296554,1.8065843621399176,0.5254064859583079,All
0,37.117955937746196,7.369084178656122,52562.0,0.7271193005754759,43.9,23.3,40.0,1.1827159899006445,1.8841201716738196,0.5930453192165748,Wkd
0,36.93105835299061,6.717196520017887,19502.0,0.670448294829483,43.9,26.7,38.7,1.1887013792131158,1.6441947565543071,0.3831857061045174,Wend
0,34.35565091101091,7.082109526040708,7574.0,0.8415555555555555,41.4,22.3,36.6,1.205041933486738,1.8565022421524662,0.5406121484758255,WkdAM
0,38.34103322317095,5.726413947561634,17247.0,0.9543492695883135,43.4,28.1,40.4,1.131946542686589,1.5444839857651245,0.3644495808957633,WkdMD
0,33.71577081427239,9.047532766443386,8744.0,0.9676848162903939,42.6,15.7,37.9,1.2635036652333271,2.7133757961783442,1.1475013257498339,WkdPM
