,MEAN,STDDEV,TotalIntervals,PctInterval,85th_Speed,5th_Speed,60th_Speed,TTI_85,PTI_85,BTI,Timeframe
0,34.00530620224527,9.138995435248694,61381.0,0.602057831136221,43.3,18.9,36.7,1.2733306897010392,2.291005291005291,0.7992225503833479,All
0,33.08188508222882,9.31654186380855,44571.0,0.6141286375661376,42.9,17.8,35.5,1.2967822085521161,2.4101123595505616,0.858532869788136,Wkd
0,36.45371802498524,8.159760287065925,16810.0,0.5722358387799564,44.1,20.9,38.8,1.2097531442409803,2.110047846889952,0.7441970346882893,Wend
0,35.49992073557382,7.274290919479539,6308.0,0.6980965028773793,43.6,26.5,36.0,1.2281717563473102,1.6452830188679246,0.3396196503990123,WkdAM
0,32.23841243229265,6.953609129980776,15508.0,0.8547178130511464,38.7,19.6,34.6,1.2004313202853283,1.9744897959183674,0.6448169608312575,WkdMD
0,23.433458792991615,5.690367495427418,7705.0,0.8493165784832452,27.5,12.3,25.0,1.1735356800262278,2.2357723577235773,0.9051592514627329,WkdPM
