,MEAN,STDDEV,TotalIntervals,PctInterval,85th_Speed,5th_Speed,60th_Speed,TTI_85,PTI_85,BTI,Timeframe
0,29.81098952067354,8.607630216494,68993.0,0.6767204174513497,38.7,15.9,31.8,1.2981789810486515,2.4339622641509435,0.8749050013002226,All
0,29.615513465520667,8.567302746073095,50685.0,0.6983713624338624,38.4,15.8,31.6,1.2966177353199198,2.4303797468354427,0.8743995864253586,Wkd
0,30.35215752676466,8.695644802456618,18308.0,0.6232298474945533,39.5,16.1,32.4,1.301390188330722,2.453416149068323,0.8852271755754446,Wend
0,32.25317026509995,6.0830254175145075,7318.0,0.8098716246126605,37.9,23.7,33.0,1.1750782849712695,1.59915611814346,0.3608932601307997,WkdAM
0,27.507629967583597,6.714553614903324,16658.0,0.9180996472663139,34.3,15.8,29.6,1.2469267632442664,2.1708860759493667,0.7409892384546579,WkdMD
0,23.58710011507483,7.366236736321323,8690.0,0.9578924162257496,31.6,13.8,24.3,1.3397153463474734,2.289855072463768,0.7092101532662918,WkdPM
