,MEAN,STDDEV,TotalIntervals,PctInterval,85th_Speed,5th_Speed,60th_Speed,TTI_85,PTI_85,BTI,Timeframe
0,28.964983718554578,7.4997194011430794,62648.0,0.6144852479598242,35.1,16.7,29.7,1.2118080348692002,2.101796407185629,0.7344301627876992,All
0,28.567882907575925,7.55639196115047,45605.0,0.6283757716049383,34.8,16.1,29.5,1.2181511704100192,2.1614906832298133,0.7744026650668274,Wkd
0,30.02757730446516,7.239793647370184,17043.0,0.5801674836601307,36.0,19.4,30.3,1.1988979209004227,1.8556701030927836,0.5478132631167609,Wend
0,28.676796480364988,6.689149104797993,6137.0,0.6791722000885347,34.0,20.8,29.3,1.1856275516437065,1.6346153846153846,0.378692138479086,WkdAM
0,28.320641217402546,5.564221289977452,15377.0,0.8474977954144621,32.8,17.0,30.0,1.1581658673690256,1.9294117647058822,0.6659200716119145,WkdMD
0,23.981219420399015,7.227114344603017,7971.0,0.8786375661375662,31.0,12.1,26.7,1.2926782185909462,2.56198347107438,0.981918960363555,WkdPM
