,MEAN,STDDEV,TotalIntervals,PctInterval,85th_Speed,5th_Speed,60th_Speed,TTI_85,PTI_85,BTI,Timeframe
0,28.853595152600704,8.60574340152481,66840.0,0.65560263653484,37.4,14.4,30.6,1.2961989589927745,2.597222222222222,1.0037218855972712,All
0,28.981340542745066,8.632942219273376,49010.0,0.6752921075837742,37.4,14.4,31.0,1.2904855089376597,2.597222222222222,1.0125930932461853,Wkd
0,28.502456533932392,8.520912937197215,17830.0,0.6069580610021786,36.9,14.4,30.0,1.294625252952154,2.5625,0.9793372593008605,Wend
0,33.29191664454492,7.757314929548121,7534.0,0.83377600708278,41.1,21.2,35.0,1.2345339092014842,1.938679245283019,0.5703734266294773,WkdAM
0,28.80727636849201,6.360572806067079,16478.0,0.908179012345679,34.7,17.1,30.4,1.204556777813024,2.0292397660818713,0.6846360449410529,WkdMD
0,21.16096856218212,6.591385363364396,8652.0,0.9537037037037037,28.1,11.8,22.5,1.3279165326212425,2.3813559322033897,0.7933024205239083,WkdPM
