,MEAN,STDDEV,85th_Speed,60th_Speed,TotalIntervals,PctInterval,TTI_85AM,TTI_85MD,TTI_85PM,PTI_85AM,PTI_85MD,PTI_85PM,BTI_AM,BTI_MD,BTI_PM,Timeframe
0,28.853595152600704,8.60574340152481,37.4,30.6,66840.0,0.65560263653484,1.2410060566377348,1.2203439933832956,1.3385642437405272,1.2410060566377348,1.2203439933832956,1.3385642437405272,0.5999174506498048,0.7892859026935388,0.864533832424353,All
0,28.981340542745066,8.632942219273376,37.4,31.0,49010.0,0.6752921075837742,1.2345339092014842,1.204556777813024,1.3279165326212425,1.2345339092014842,1.204556777813024,1.3279165326212425,0.5703734266294773,0.6846360449410529,0.7933024205239083,Wkd
0,28.502456533932392,8.520912937197215,36.9,30.0,17830.0,0.6069580610021786,1.270722166187371,1.246692827522746,1.2909304063554847,1.270722166187371,1.246692827522746,1.2909304063554847,0.6845735889086237,0.9057513385584524,0.9518364638133954,Wend
0,33.29191664454492,7.757314929548121,41.1,35.0,7534.0,0.83377600708278,1.2345339092014842,,,1.938679245283019,,,0.5703734266294773,,,WkdAM
0,28.80727636849201,6.360572806067079,34.7,30.4,16478.0,0.908179012345679,,1.204556777813024,,,2.0292397660818713,,,0.6846360449410529,,WkdMD
0,21.16096856218212,6.591385363364396,28.1,22.5,8652.0,0.9537037037037037,,,1.3279165326212425,,,2.3813559322033897,,,0.7933024205239083,WkdPM
